implementation	source_commit	native_sha256	suite	case	producer	block_1	report_1_sha256	block_1_timed_1_ns	block_1_timed_2_ns	block_1_timed_3_ns	block_1_median_ns	block_1_min_ns	block_1_max_ns	block_2	report_2_sha256	block_2_timed_1_ns	block_2_timed_2_ns	block_2_timed_3_ns	block_2_median_ns	block_2_min_ns	block_2_max_ns	midpoint_of_block_medians_ns
Earlier atom catalog	ca10a5e7ec84e13fbcc4a23bd0de8b0232c53fe1	fd19a078e99c75c1bbaf30e437f5da02aa621fd595554b079bb3bc0b078dae0e	baseline	standalone/send-money/send-money.lp	cpu	ca10a5e7-1	6b35d4a4ee2a1d132e627037aab9eea1e25637bc9fd40949d2e4fe36b0ea96c8	35592500	38176416	35435792	35592500	35435792	38176416	ca10a5e7-2	f9f4c246f2ff9529a90709298a61cd26e4d71e1edbdb42799cd607055a257b52	38030250	38128417	36759792	38030250	36759792	38128417	36811375
Intermediate workspaces	f56a5a2496f519d7b71b7c4c8fdc166c355874ff	fb4d784313f4b0c9a5078712728e70f17d44c545eae4a6ea67180ec7a49bbb29	baseline	standalone/send-money/send-money.lp	cpu	f56a5a24-1	bf20c99ab5496cf0745846069dc4f96834725b9f58f0d591cd6bd32e69ba31fd	38047834	38108208	39247333	38108208	38047834	39247333	f56a5a24-2	4e07b903aad7ed20b724cdf5a58d1f584a3f8f1aacdad38386a7205e57110129	39279833	39395792	38069875	39279833	38069875	39395792	38694020.5
Latest prepared grounding	679ca8568a6fd8577d9b944fbd99d7c54f666601	a1d8cd7c640bab9b2a57f2e9dd612ff391c39b77f6dc9be95dbea0f890c13bd2	baseline	standalone/send-money/send-money.lp	cpu	679ca856-1	ad8a79fbeeb61e72dd78561cbbbd29656012b030fd3a5316f6d8d727dfeb7ec5	39194708	39437500	39303584	39303584	39194708	39437500	679ca856-2	697db85ef4609f3a0656088d0c61fba9a48beafc266fa1aaeda9c1598690c24f	39201000	38158334	40376917	39201000	38158334	40376917	39252292
Earlier atom catalog	ca10a5e7ec84e13fbcc4a23bd0de8b0232c53fe1	fd19a078e99c75c1bbaf30e437f5da02aa621fd595554b079bb3bc0b078dae0e	baseline	standalone/send-money/send-money.lp	metal	ca10a5e7-1	6b35d4a4ee2a1d132e627037aab9eea1e25637bc9fd40949d2e4fe36b0ea96c8	66890000	67117959	64500750	66890000	64500750	67117959	ca10a5e7-2	f9f4c246f2ff9529a90709298a61cd26e4d71e1edbdb42799cd607055a257b52	61956750	64434584	61974208	61974208	61956750	64434584	64432104
Intermediate workspaces	f56a5a2496f519d7b71b7c4c8fdc166c355874ff	fb4d784313f4b0c9a5078712728e70f17d44c545eae4a6ea67180ec7a49bbb29	baseline	standalone/send-money/send-money.lp	metal	f56a5a24-1	bf20c99ab5496cf0745846069dc4f96834725b9f58f0d591cd6bd32e69ba31fd	65807417	75979791	63206958	65807417	63206958	75979791	f56a5a24-2	4e07b903aad7ed20b724cdf5a58d1f584a3f8f1aacdad38386a7205e57110129	65652500	65701625	67054750	65701625	65652500	67054750	65754521
Latest prepared grounding	679ca8568a6fd8577d9b944fbd99d7c54f666601	a1d8cd7c640bab9b2a57f2e9dd612ff391c39b77f6dc9be95dbea0f890c13bd2	baseline	standalone/send-money/send-money.lp	metal	679ca856-1	ad8a79fbeeb61e72dd78561cbbbd29656012b030fd3a5316f6d8d727dfeb7ec5	63135250	67000625	69567792	67000625	63135250	69567792	679ca856-2	697db85ef4609f3a0656088d0c61fba9a48beafc266fa1aaeda9c1598690c24f	66976917	66932541	64534541	66932541	64534541	66976917	66966583
Earlier atom catalog	ca10a5e7ec84e13fbcc4a23bd0de8b0232c53fe1	fd19a078e99c75c1bbaf30e437f5da02aa621fd595554b079bb3bc0b078dae0e	baseline	standalone/send-money/send-money.lp	clingo	ca10a5e7-1	6b35d4a4ee2a1d132e627037aab9eea1e25637bc9fd40949d2e4fe36b0ea96c8	12761084	12753333	11552750	12753333	11552750	12761084	ca10a5e7-2	f9f4c246f2ff9529a90709298a61cd26e4d71e1edbdb42799cd607055a257b52	11656667	11513375	11565333	11565333	11513375	11656667	12159333
Intermediate workspaces	f56a5a2496f519d7b71b7c4c8fdc166c355874ff	fb4d784313f4b0c9a5078712728e70f17d44c545eae4a6ea67180ec7a49bbb29	baseline	standalone/send-money/send-money.lp	clingo	f56a5a24-1	bf20c99ab5496cf0745846069dc4f96834725b9f58f0d591cd6bd32e69ba31fd	11681916	11543084	11516083	11543084	11516083	11681916	f56a5a24-2	4e07b903aad7ed20b724cdf5a58d1f584a3f8f1aacdad38386a7205e57110129	11615666	11495958	12631125	11615666	11495958	12631125	11579375
Latest prepared grounding	679ca8568a6fd8577d9b944fbd99d7c54f666601	a1d8cd7c640bab9b2a57f2e9dd612ff391c39b77f6dc9be95dbea0f890c13bd2	baseline	standalone/send-money/send-money.lp	clingo	679ca856-1	ad8a79fbeeb61e72dd78561cbbbd29656012b030fd3a5316f6d8d727dfeb7ec5	11761208	11522250	11307542	11522250	11307542	11761208	679ca856-2	697db85ef4609f3a0656088d0c61fba9a48beafc266fa1aaeda9c1598690c24f	11610083	11516292	11527666	11527666	11516292	11610083	11524958
Earlier atom catalog	ca10a5e7ec84e13fbcc4a23bd0de8b0232c53fe1	fd19a078e99c75c1bbaf30e437f5da02aa621fd595554b079bb3bc0b078dae0e	baseline	standalone/n-queens/variant-02.lp	cpu	ca10a5e7-1	6b35d4a4ee2a1d132e627037aab9eea1e25637bc9fd40949d2e4fe36b0ea96c8	90850708	90949458	89590291	90850708	89590291	90949458	ca10a5e7-2	f9f4c246f2ff9529a90709298a61cd26e4d71e1edbdb42799cd607055a257b52	97145667	95863417	95832625	95863417	95832625	97145667	93357062.5
Intermediate workspaces	f56a5a2496f519d7b71b7c4c8fdc166c355874ff	fb4d784313f4b0c9a5078712728e70f17d44c545eae4a6ea67180ec7a49bbb29	baseline	standalone/n-queens/variant-02.lp	cpu	f56a5a24-1	bf20c99ab5496cf0745846069dc4f96834725b9f58f0d591cd6bd32e69ba31fd	95931750	94668459	108631750	95931750	94668459	108631750	f56a5a24-2	4e07b903aad7ed20b724cdf5a58d1f584a3f8f1aacdad38386a7205e57110129	95849333	95884500	97215666	95884500	95849333	97215666	95908125
Latest prepared grounding	679ca8568a6fd8577d9b944fbd99d7c54f666601	a1d8cd7c640bab9b2a57f2e9dd612ff391c39b77f6dc9be95dbea0f890c13bd2	baseline	standalone/n-queens/variant-02.lp	cpu	679ca856-1	ad8a79fbeeb61e72dd78561cbbbd29656012b030fd3a5316f6d8d727dfeb7ec5	95888417	95893583	95800708	95888417	95800708	95893583	679ca856-2	697db85ef4609f3a0656088d0c61fba9a48beafc266fa1aaeda9c1598690c24f	97130125	98330750	97076250	97130125	97076250	98330750	96509271
Earlier atom catalog	ca10a5e7ec84e13fbcc4a23bd0de8b0232c53fe1	fd19a078e99c75c1bbaf30e437f5da02aa621fd595554b079bb3bc0b078dae0e	baseline	standalone/n-queens/variant-02.lp	metal	ca10a5e7-1	6b35d4a4ee2a1d132e627037aab9eea1e25637bc9fd40949d2e4fe36b0ea96c8	104676208	111981625	104739792	104739792	104676208	111981625	ca10a5e7-2	f9f4c246f2ff9529a90709298a61cd26e4d71e1edbdb42799cd607055a257b52	112156750	111113334	109625375	111113334	109625375	112156750	107926563
Intermediate workspaces	f56a5a2496f519d7b71b7c4c8fdc166c355874ff	fb4d784313f4b0c9a5078712728e70f17d44c545eae4a6ea67180ec7a49bbb29	baseline	standalone/n-queens/variant-02.lp	metal	f56a5a24-1	bf20c99ab5496cf0745846069dc4f96834725b9f58f0d591cd6bd32e69ba31fd	109693416	112387250	111026833	111026833	109693416	112387250	f56a5a24-2	4e07b903aad7ed20b724cdf5a58d1f584a3f8f1aacdad38386a7205e57110129	110929167	111089667	112033750	111089667	110929167	112033750	111058250
Latest prepared grounding	679ca8568a6fd8577d9b944fbd99d7c54f666601	a1d8cd7c640bab9b2a57f2e9dd612ff391c39b77f6dc9be95dbea0f890c13bd2	baseline	standalone/n-queens/variant-02.lp	metal	679ca856-1	ad8a79fbeeb61e72dd78561cbbbd29656012b030fd3a5316f6d8d727dfeb7ec5	109529375	110977209	113520208	110977209	109529375	113520208	679ca856-2	697db85ef4609f3a0656088d0c61fba9a48beafc266fa1aaeda9c1598690c24f	110870375	112341334	110998958	110998958	110870375	112341334	110988083.5
Earlier atom catalog	ca10a5e7ec84e13fbcc4a23bd0de8b0232c53fe1	fd19a078e99c75c1bbaf30e437f5da02aa621fd595554b079bb3bc0b078dae0e	baseline	standalone/n-queens/variant-02.lp	clingo	ca10a5e7-1	6b35d4a4ee2a1d132e627037aab9eea1e25637bc9fd40949d2e4fe36b0ea96c8	114500917	118187083	115728459	115728459	114500917	118187083	ca10a5e7-2	f9f4c246f2ff9529a90709298a61cd26e4d71e1edbdb42799cd607055a257b52	122015000	122003750	122010292	122010292	122003750	122015000	118869375.5
Intermediate workspaces	f56a5a2496f519d7b71b7c4c8fdc166c355874ff	fb4d784313f4b0c9a5078712728e70f17d44c545eae4a6ea67180ec7a49bbb29	baseline	standalone/n-queens/variant-02.lp	clingo	f56a5a24-1	bf20c99ab5496cf0745846069dc4f96834725b9f58f0d591cd6bd32e69ba31fd	122056000	119605500	120993541	120993541	119605500	122056000	f56a5a24-2	4e07b903aad7ed20b724cdf5a58d1f584a3f8f1aacdad38386a7205e57110129	123279291	124581708	124589083	124581708	123279291	124589083	122787624.5
Latest prepared grounding	679ca8568a6fd8577d9b944fbd99d7c54f666601	a1d8cd7c640bab9b2a57f2e9dd612ff391c39b77f6dc9be95dbea0f890c13bd2	baseline	standalone/n-queens/variant-02.lp	clingo	679ca856-1	ad8a79fbeeb61e72dd78561cbbbd29656012b030fd3a5316f6d8d727dfeb7ec5	123300250	120736791	122093458	122093458	120736791	123300250	679ca856-2	697db85ef4609f3a0656088d0c61fba9a48beafc266fa1aaeda9c1598690c24f	124520834	123273708	124603916	124520834	123273708	124603916	123307146
Earlier atom catalog	ca10a5e7ec84e13fbcc4a23bd0de8b0232c53fe1	fd19a078e99c75c1bbaf30e437f5da02aa621fd595554b079bb3bc0b078dae0e	baseline	scenarios/task-allocation/variant-04/05-larger-mix.lp	cpu	ca10a5e7-1	6b35d4a4ee2a1d132e627037aab9eea1e25637bc9fd40949d2e4fe36b0ea96c8	314444167	318918875	318658750	318658750	314444167	318918875	ca10a5e7-2	f9f4c246f2ff9529a90709298a61cd26e4d71e1edbdb42799cd607055a257b52	321281583	322675500	321182625	321281583	321182625	322675500	319970166.5
Intermediate workspaces	f56a5a2496f519d7b71b7c4c8fdc166c355874ff	fb4d784313f4b0c9a5078712728e70f17d44c545eae4a6ea67180ec7a49bbb29	baseline	scenarios/task-allocation/variant-04/05-larger-mix.lp	cpu	f56a5a24-1	bf20c99ab5496cf0745846069dc4f96834725b9f58f0d591cd6bd32e69ba31fd	323391500	319892417	322373084	322373084	319892417	323391500	f56a5a24-2	4e07b903aad7ed20b724cdf5a58d1f584a3f8f1aacdad38386a7205e57110129	324621166	325005000	325054250	325005000	324621166	325054250	323689042
Latest prepared grounding	679ca8568a6fd8577d9b944fbd99d7c54f666601	a1d8cd7c640bab9b2a57f2e9dd612ff391c39b77f6dc9be95dbea0f890c13bd2	baseline	scenarios/task-allocation/variant-04/05-larger-mix.lp	cpu	679ca856-1	ad8a79fbeeb61e72dd78561cbbbd29656012b030fd3a5316f6d8d727dfeb7ec5	322256333	317360916	321158750	321158750	317360916	322256333	679ca856-2	697db85ef4609f3a0656088d0c61fba9a48beafc266fa1aaeda9c1598690c24f	324012458	323981709	323885125	323981709	323885125	324012458	322570229.5
Earlier atom catalog	ca10a5e7ec84e13fbcc4a23bd0de8b0232c53fe1	fd19a078e99c75c1bbaf30e437f5da02aa621fd595554b079bb3bc0b078dae0e	baseline	scenarios/task-allocation/variant-04/05-larger-mix.lp	metal	ca10a5e7-1	6b35d4a4ee2a1d132e627037aab9eea1e25637bc9fd40949d2e4fe36b0ea96c8	565296125	568418417	555919000	565296125	555919000	568418417	ca10a5e7-2	f9f4c246f2ff9529a90709298a61cd26e4d71e1edbdb42799cd607055a257b52	559170166	561036000	575966083	561036000	559170166	575966083	563166062.5
Intermediate workspaces	f56a5a2496f519d7b71b7c4c8fdc166c355874ff	fb4d784313f4b0c9a5078712728e70f17d44c545eae4a6ea67180ec7a49bbb29	baseline	scenarios/task-allocation/variant-04/05-larger-mix.lp	metal	f56a5a24-1	bf20c99ab5496cf0745846069dc4f96834725b9f58f0d591cd6bd32e69ba31fd	568826250	563061500	575287667	568826250	563061500	575287667	f56a5a24-2	4e07b903aad7ed20b724cdf5a58d1f584a3f8f1aacdad38386a7205e57110129	567770708	580156417	560070583	567770708	560070583	580156417	568298479
Latest prepared grounding	679ca8568a6fd8577d9b944fbd99d7c54f666601	a1d8cd7c640bab9b2a57f2e9dd612ff391c39b77f6dc9be95dbea0f890c13bd2	baseline	scenarios/task-allocation/variant-04/05-larger-mix.lp	metal	679ca856-1	ad8a79fbeeb61e72dd78561cbbbd29656012b030fd3a5316f6d8d727dfeb7ec5	564655916	560017792	561123916	561123916	560017792	564655916	679ca856-2	697db85ef4609f3a0656088d0c61fba9a48beafc266fa1aaeda9c1598690c24f	563721500	578741250	561062625	563721500	561062625	578741250	562422708
Earlier atom catalog	ca10a5e7ec84e13fbcc4a23bd0de8b0232c53fe1	fd19a078e99c75c1bbaf30e437f5da02aa621fd595554b079bb3bc0b078dae0e	baseline	scenarios/task-allocation/variant-04/05-larger-mix.lp	clingo	ca10a5e7-1	6b35d4a4ee2a1d132e627037aab9eea1e25637bc9fd40949d2e4fe36b0ea96c8	182783791	182052667	159807375	182052667	159807375	182783791	ca10a5e7-2	f9f4c246f2ff9529a90709298a61cd26e4d71e1edbdb42799cd607055a257b52	169822834	160926708	178614292	169822834	160926708	178614292	175937750.5
Intermediate workspaces	f56a5a2496f519d7b71b7c4c8fdc166c355874ff	fb4d784313f4b0c9a5078712728e70f17d44c545eae4a6ea67180ec7a49bbb29	baseline	scenarios/task-allocation/variant-04/05-larger-mix.lp	clingo	f56a5a24-1	bf20c99ab5496cf0745846069dc4f96834725b9f58f0d591cd6bd32e69ba31fd	176175917	153470041	183606708	176175917	153470041	183606708	f56a5a24-2	4e07b903aad7ed20b724cdf5a58d1f584a3f8f1aacdad38386a7205e57110129	176219750	186072334	188737209	186072334	176219750	188737209	181124125.5
Latest prepared grounding	679ca8568a6fd8577d9b944fbd99d7c54f666601	a1d8cd7c640bab9b2a57f2e9dd612ff391c39b77f6dc9be95dbea0f890c13bd2	baseline	scenarios/task-allocation/variant-04/05-larger-mix.lp	clingo	679ca856-1	ad8a79fbeeb61e72dd78561cbbbd29656012b030fd3a5316f6d8d727dfeb7ec5	177421667	185987125	169841125	177421667	169841125	185987125	679ca856-2	697db85ef4609f3a0656088d0c61fba9a48beafc266fa1aaeda9c1598690c24f	190046541	167195583	186177666	186177666	167195583	190046541	181799666.5
Earlier atom catalog	ca10a5e7ec84e13fbcc4a23bd0de8b0232c53fe1	fd19a078e99c75c1bbaf30e437f5da02aa621fd595554b079bb3bc0b078dae0e	queens	standalone/n-queens/variant-01.lp	cpu	ca10a5e7-1	fdf02e3df279db9b0f9ac3bebf04d40177321e4a6bb3bce17ccb7387e37f130d	17971750	19338709	19155500	19155500	17971750	19338709	ca10a5e7-2	ea2b75d400de291fab7ed85b366bb47664724d16ba6f6e923f38e0a481594f9b	19959250	20193250	19912542	19959250	19912542	20193250	19557375
Intermediate workspaces	f56a5a2496f519d7b71b7c4c8fdc166c355874ff	fb4d784313f4b0c9a5078712728e70f17d44c545eae4a6ea67180ec7a49bbb29	queens	standalone/n-queens/variant-01.lp	cpu	f56a5a24-1	10978e743aa291d9d336b15250c63e47375fdb7ed8351c5fe045ad11933314af	19255708	19384708	19200625	19255708	19200625	19384708	f56a5a24-2	c3a7306b061dd189dbc35876189fb437361eba823ef40327eafab1ff907c77d9	19299459	19365959	20446083	19365959	19299459	20446083	19310833.5
Latest prepared grounding	679ca8568a6fd8577d9b944fbd99d7c54f666601	a1d8cd7c640bab9b2a57f2e9dd612ff391c39b77f6dc9be95dbea0f890c13bd2	queens	standalone/n-queens/variant-01.lp	cpu	679ca856-1	2256cb29dd92b3fbc7cd28e55929296ef8d84e5e24f4873484453363508961e4	19249750	19368458	17890708	19249750	17890708	19368458	679ca856-2	27ee22f8b816e717acc11612e8d192a8e08970a93b8e2522f4353fd05cc529a2	19268208	20621041	19120125	19268208	19120125	20621041	19258979
Earlier atom catalog	ca10a5e7ec84e13fbcc4a23bd0de8b0232c53fe1	fd19a078e99c75c1bbaf30e437f5da02aa621fd595554b079bb3bc0b078dae0e	queens	standalone/n-queens/variant-01.lp	metal	ca10a5e7-1	fdf02e3df279db9b0f9ac3bebf04d40177321e4a6bb3bce17ccb7387e37f130d	32999500	32977000	34272167	32999500	32977000	34272167	ca10a5e7-2	ea2b75d400de291fab7ed85b366bb47664724d16ba6f6e923f38e0a481594f9b	35060792	34906667	36596291	35060792	34906667	36596291	34030146
Intermediate workspaces	f56a5a2496f519d7b71b7c4c8fdc166c355874ff	fb4d784313f4b0c9a5078712728e70f17d44c545eae4a6ea67180ec7a49bbb29	queens	standalone/n-queens/variant-01.lp	metal	f56a5a24-1	10978e743aa291d9d336b15250c63e47375fdb7ed8351c5fe045ad11933314af	32949333	33034000	34381000	33034000	32949333	34381000	f56a5a24-2	c3a7306b061dd189dbc35876189fb437361eba823ef40327eafab1ff907c77d9	34177792	47010959	84849500	47010959	34177792	84849500	40022479.5
Latest prepared grounding	679ca8568a6fd8577d9b944fbd99d7c54f666601	a1d8cd7c640bab9b2a57f2e9dd612ff391c39b77f6dc9be95dbea0f890c13bd2	queens	standalone/n-queens/variant-01.lp	metal	679ca856-1	2256cb29dd92b3fbc7cd28e55929296ef8d84e5e24f4873484453363508961e4	32984125	35604875	34314000	34314000	32984125	35604875	679ca856-2	27ee22f8b816e717acc11612e8d192a8e08970a93b8e2522f4353fd05cc529a2	32999792	34093000	35670542	34093000	32999792	35670542	34203500
Earlier atom catalog	ca10a5e7ec84e13fbcc4a23bd0de8b0232c53fe1	fd19a078e99c75c1bbaf30e437f5da02aa621fd595554b079bb3bc0b078dae0e	queens	standalone/n-queens/variant-01.lp	clingo	ca10a5e7-1	fdf02e3df279db9b0f9ac3bebf04d40177321e4a6bb3bce17ccb7387e37f130d	6555542	6513666	6525791	6525791	6513666	6555542	ca10a5e7-2	ea2b75d400de291fab7ed85b366bb47664724d16ba6f6e923f38e0a481594f9b	6294334	6270542	6291708	6291708	6270542	6294334	6408749.5
Intermediate workspaces	f56a5a2496f519d7b71b7c4c8fdc166c355874ff	fb4d784313f4b0c9a5078712728e70f17d44c545eae4a6ea67180ec7a49bbb29	queens	standalone/n-queens/variant-01.lp	clingo	f56a5a24-1	10978e743aa291d9d336b15250c63e47375fdb7ed8351c5fe045ad11933314af	6553083	6499875	6515666	6515666	6499875	6553083	f56a5a24-2	c3a7306b061dd189dbc35876189fb437361eba823ef40327eafab1ff907c77d9	6615500	6513458	6565166	6565166	6513458	6615500	6540416
Latest prepared grounding	679ca8568a6fd8577d9b944fbd99d7c54f666601	a1d8cd7c640bab9b2a57f2e9dd612ff391c39b77f6dc9be95dbea0f890c13bd2	queens	standalone/n-queens/variant-01.lp	clingo	679ca856-1	2256cb29dd92b3fbc7cd28e55929296ef8d84e5e24f4873484453363508961e4	6599792	6542875	6478583	6542875	6478583	6599792	679ca856-2	27ee22f8b816e717acc11612e8d192a8e08970a93b8e2522f4353fd05cc529a2	6598834	6524250	6513042	6524250	6513042	6598834	6533562.5
Earlier atom catalog	ca10a5e7ec84e13fbcc4a23bd0de8b0232c53fe1	fd19a078e99c75c1bbaf30e437f5da02aa621fd595554b079bb3bc0b078dae0e	queens	standalone/n-queens/variant-02.lp	cpu	ca10a5e7-1	fdf02e3df279db9b0f9ac3bebf04d40177321e4a6bb3bce17ccb7387e37f130d	92075291	92090792	92080125	92080125	92075291	92090792	ca10a5e7-2	ea2b75d400de291fab7ed85b366bb47664724d16ba6f6e923f38e0a481594f9b	96915750	93961708	96782458	96782458	93961708	96915750	94431291.5
Intermediate workspaces	f56a5a2496f519d7b71b7c4c8fdc166c355874ff	fb4d784313f4b0c9a5078712728e70f17d44c545eae4a6ea67180ec7a49bbb29	queens	standalone/n-queens/variant-02.lp	cpu	f56a5a24-1	10978e743aa291d9d336b15250c63e47375fdb7ed8351c5fe045ad11933314af	95883584	94669667	93253791	94669667	93253791	95883584	f56a5a24-2	c3a7306b061dd189dbc35876189fb437361eba823ef40327eafab1ff907c77d9	97133625	95831208	97102250	97102250	95831208	97133625	95885958.5
Latest prepared grounding	679ca8568a6fd8577d9b944fbd99d7c54f666601	a1d8cd7c640bab9b2a57f2e9dd612ff391c39b77f6dc9be95dbea0f890c13bd2	queens	standalone/n-queens/variant-02.lp	cpu	679ca856-1	2256cb29dd92b3fbc7cd28e55929296ef8d84e5e24f4873484453363508961e4	97160500	95817833	93060917	95817833	93060917	97160500	679ca856-2	27ee22f8b816e717acc11612e8d192a8e08970a93b8e2522f4353fd05cc529a2	95860792	96999209	97158875	96999209	95860792	97158875	96408521
Earlier atom catalog	ca10a5e7ec84e13fbcc4a23bd0de8b0232c53fe1	fd19a078e99c75c1bbaf30e437f5da02aa621fd595554b079bb3bc0b078dae0e	queens	standalone/n-queens/variant-02.lp	metal	ca10a5e7-1	fdf02e3df279db9b0f9ac3bebf04d40177321e4a6bb3bce17ccb7387e37f130d	108371167	108480584	108328750	108371167	108328750	108480584	ca10a5e7-2	ea2b75d400de291fab7ed85b366bb47664724d16ba6f6e923f38e0a481594f9b	111806042	111960250	111803458	111806042	111803458	111960250	110088604.5
Intermediate workspaces	f56a5a2496f519d7b71b7c4c8fdc166c355874ff	fb4d784313f4b0c9a5078712728e70f17d44c545eae4a6ea67180ec7a49bbb29	queens	standalone/n-queens/variant-02.lp	metal	f56a5a24-1	10978e743aa291d9d336b15250c63e47375fdb7ed8351c5fe045ad11933314af	109588583	109776333	109645541	109645541	109588583	109776333	f56a5a24-2	c3a7306b061dd189dbc35876189fb437361eba823ef40327eafab1ff907c77d9	110849333	114696084	110920792	110920792	110849333	114696084	110283166.5
Latest prepared grounding	679ca8568a6fd8577d9b944fbd99d7c54f666601	a1d8cd7c640bab9b2a57f2e9dd612ff391c39b77f6dc9be95dbea0f890c13bd2	queens	standalone/n-queens/variant-02.lp	metal	679ca856-1	2256cb29dd92b3fbc7cd28e55929296ef8d84e5e24f4873484453363508961e4	110878375	113568209	110857458	110878375	110857458	113568209	679ca856-2	27ee22f8b816e717acc11612e8d192a8e08970a93b8e2522f4353fd05cc529a2	112087042	112339500	110859167	112087042	110859167	112339500	111482708.5
Earlier atom catalog	ca10a5e7ec84e13fbcc4a23bd0de8b0232c53fe1	fd19a078e99c75c1bbaf30e437f5da02aa621fd595554b079bb3bc0b078dae0e	queens	standalone/n-queens/variant-02.lp	clingo	ca10a5e7-1	fdf02e3df279db9b0f9ac3bebf04d40177321e4a6bb3bce17ccb7387e37f130d	120757625	120798000	119458958	120757625	119458958	120798000	ca10a5e7-2	ea2b75d400de291fab7ed85b366bb47664724d16ba6f6e923f38e0a481594f9b	122189459	123701375	122130625	122189459	122130625	123701375	121473542
Intermediate workspaces	f56a5a2496f519d7b71b7c4c8fdc166c355874ff	fb4d784313f4b0c9a5078712728e70f17d44c545eae4a6ea67180ec7a49bbb29	queens	standalone/n-queens/variant-02.lp	clingo	f56a5a24-1	10978e743aa291d9d336b15250c63e47375fdb7ed8351c5fe045ad11933314af	120756125	122009334	120673417	120756125	120673417	122009334	f56a5a24-2	c3a7306b061dd189dbc35876189fb437361eba823ef40327eafab1ff907c77d9	125672250	125817583	124506000	125672250	124506000	125817583	123214187.5
Latest prepared grounding	679ca8568a6fd8577d9b944fbd99d7c54f666601	a1d8cd7c640bab9b2a57f2e9dd612ff391c39b77f6dc9be95dbea0f890c13bd2	queens	standalone/n-queens/variant-02.lp	clingo	679ca856-1	2256cb29dd92b3fbc7cd28e55929296ef8d84e5e24f4873484453363508961e4	122094542	123271000	121948083	122094542	121948083	123271000	679ca856-2	27ee22f8b816e717acc11612e8d192a8e08970a93b8e2522f4353fd05cc529a2	123261167	123255292	123254833	123255292	123254833	123261167	122674917
Earlier atom catalog	ca10a5e7ec84e13fbcc4a23bd0de8b0232c53fe1	fd19a078e99c75c1bbaf30e437f5da02aa621fd595554b079bb3bc0b078dae0e	queens	standalone/n-queens/variant-03.lp	cpu	ca10a5e7-1	fdf02e3df279db9b0f9ac3bebf04d40177321e4a6bb3bce17ccb7387e37f130d	18948250	17882792	19178375	18948250	17882792	19178375	ca10a5e7-2	ea2b75d400de291fab7ed85b366bb47664724d16ba6f6e923f38e0a481594f9b	19924666	20134917	19957458	19957458	19924666	20134917	19452854
Intermediate workspaces	f56a5a2496f519d7b71b7c4c8fdc166c355874ff	fb4d784313f4b0c9a5078712728e70f17d44c545eae4a6ea67180ec7a49bbb29	queens	standalone/n-queens/variant-03.lp	cpu	f56a5a24-1	10978e743aa291d9d336b15250c63e47375fdb7ed8351c5fe045ad11933314af	19203959	19202792	19135500	19202792	19135500	19203959	f56a5a24-2	c3a7306b061dd189dbc35876189fb437361eba823ef40327eafab1ff907c77d9	20396375	19143667	19167042	19167042	19143667	20396375	19184917
Latest prepared grounding	679ca8568a6fd8577d9b944fbd99d7c54f666601	a1d8cd7c640bab9b2a57f2e9dd612ff391c39b77f6dc9be95dbea0f890c13bd2	queens	standalone/n-queens/variant-03.lp	cpu	679ca856-1	2256cb29dd92b3fbc7cd28e55929296ef8d84e5e24f4873484453363508961e4	20440000	20476875	20484125	20476875	20440000	20484125	679ca856-2	27ee22f8b816e717acc11612e8d192a8e08970a93b8e2522f4353fd05cc529a2	19170375	19166875	20454875	19170375	19166875	20454875	19823625
Earlier atom catalog	ca10a5e7ec84e13fbcc4a23bd0de8b0232c53fe1	fd19a078e99c75c1bbaf30e437f5da02aa621fd595554b079bb3bc0b078dae0e	queens	standalone/n-queens/variant-03.lp	metal	ca10a5e7-1	fdf02e3df279db9b0f9ac3bebf04d40177321e4a6bb3bce17ccb7387e37f130d	34357041	32961208	34237542	34237542	32961208	34357041	ca10a5e7-2	ea2b75d400de291fab7ed85b366bb47664724d16ba6f6e923f38e0a481594f9b	36672209	36076875	36609875	36609875	36076875	36672209	35423708.5
Intermediate workspaces	f56a5a2496f519d7b71b7c4c8fdc166c355874ff	fb4d784313f4b0c9a5078712728e70f17d44c545eae4a6ea67180ec7a49bbb29	queens	standalone/n-queens/variant-03.lp	metal	f56a5a24-1	10978e743aa291d9d336b15250c63e47375fdb7ed8351c5fe045ad11933314af	34346375	34236166	34323459	34323459	34236166	34346375	f56a5a24-2	c3a7306b061dd189dbc35876189fb437361eba823ef40327eafab1ff907c77d9	35449334	35531500	34231083	35449334	34231083	35531500	34886396.5
Latest prepared grounding	679ca8568a6fd8577d9b944fbd99d7c54f666601	a1d8cd7c640bab9b2a57f2e9dd612ff391c39b77f6dc9be95dbea0f890c13bd2	queens	standalone/n-queens/variant-03.lp	metal	679ca856-1	2256cb29dd92b3fbc7cd28e55929296ef8d84e5e24f4873484453363508961e4	35620583	34271459	34171959	34271459	34171959	35620583	679ca856-2	27ee22f8b816e717acc11612e8d192a8e08970a93b8e2522f4353fd05cc529a2	35623791	34271708	35373833	35373833	34271708	35623791	34822646
Earlier atom catalog	ca10a5e7ec84e13fbcc4a23bd0de8b0232c53fe1	fd19a078e99c75c1bbaf30e437f5da02aa621fd595554b079bb3bc0b078dae0e	queens	standalone/n-queens/variant-03.lp	clingo	ca10a5e7-1	fdf02e3df279db9b0f9ac3bebf04d40177321e4a6bb3bce17ccb7387e37f130d	6508750	6483375	6518125	6508750	6483375	6518125	ca10a5e7-2	ea2b75d400de291fab7ed85b366bb47664724d16ba6f6e923f38e0a481594f9b	6281708	6242500	6294458	6281708	6242500	6294458	6395229
Intermediate workspaces	f56a5a2496f519d7b71b7c4c8fdc166c355874ff	fb4d784313f4b0c9a5078712728e70f17d44c545eae4a6ea67180ec7a49bbb29	queens	standalone/n-queens/variant-03.lp	clingo	f56a5a24-1	10978e743aa291d9d336b15250c63e47375fdb7ed8351c5fe045ad11933314af	6490584	6458292	6543500	6490584	6458292	6543500	f56a5a24-2	c3a7306b061dd189dbc35876189fb437361eba823ef40327eafab1ff907c77d9	6500792	6535792	6509209	6509209	6500792	6535792	6499896.5
Latest prepared grounding	679ca8568a6fd8577d9b944fbd99d7c54f666601	a1d8cd7c640bab9b2a57f2e9dd612ff391c39b77f6dc9be95dbea0f890c13bd2	queens	standalone/n-queens/variant-03.lp	clingo	679ca856-1	2256cb29dd92b3fbc7cd28e55929296ef8d84e5e24f4873484453363508961e4	6508583	6501709	6551250	6508583	6501709	6551250	679ca856-2	27ee22f8b816e717acc11612e8d192a8e08970a93b8e2522f4353fd05cc529a2	6542875	6498000	6536250	6536250	6498000	6542875	6522416.5
Earlier atom catalog	ca10a5e7ec84e13fbcc4a23bd0de8b0232c53fe1	fd19a078e99c75c1bbaf30e437f5da02aa621fd595554b079bb3bc0b078dae0e	queens	standalone/n-queens/variant-04.lp	cpu	ca10a5e7-1	fdf02e3df279db9b0f9ac3bebf04d40177321e4a6bb3bce17ccb7387e37f130d	11596291	11696167	11633458	11633458	11596291	11696167	ca10a5e7-2	ea2b75d400de291fab7ed85b366bb47664724d16ba6f6e923f38e0a481594f9b	12359791	12462042	12468916	12462042	12359791	12468916	12047750
Intermediate workspaces	f56a5a2496f519d7b71b7c4c8fdc166c355874ff	fb4d784313f4b0c9a5078712728e70f17d44c545eae4a6ea67180ec7a49bbb29	queens	standalone/n-queens/variant-04.lp	cpu	f56a5a24-1	10978e743aa291d9d336b15250c63e47375fdb7ed8351c5fe045ad11933314af	11660916	11695500	11737750	11695500	11660916	11737750	f56a5a24-2	c3a7306b061dd189dbc35876189fb437361eba823ef40327eafab1ff907c77d9	11571667	11691083	11626625	11626625	11571667	11691083	11661062.5
Latest prepared grounding	679ca8568a6fd8577d9b944fbd99d7c54f666601	a1d8cd7c640bab9b2a57f2e9dd612ff391c39b77f6dc9be95dbea0f890c13bd2	queens	standalone/n-queens/variant-04.lp	cpu	679ca856-1	2256cb29dd92b3fbc7cd28e55929296ef8d84e5e24f4873484453363508961e4	11656167	11720625	11479792	11656167	11479792	11720625	679ca856-2	27ee22f8b816e717acc11612e8d192a8e08970a93b8e2522f4353fd05cc529a2	11584083	11472041	11723459	11584083	11472041	11723459	11620125
Earlier atom catalog	ca10a5e7ec84e13fbcc4a23bd0de8b0232c53fe1	fd19a078e99c75c1bbaf30e437f5da02aa621fd595554b079bb3bc0b078dae0e	queens	standalone/n-queens/variant-04.lp	metal	ca10a5e7-1	fdf02e3df279db9b0f9ac3bebf04d40177321e4a6bb3bce17ccb7387e37f130d	26824333	26732042	26700083	26732042	26700083	26824333	ca10a5e7-2	ea2b75d400de291fab7ed85b366bb47664724d16ba6f6e923f38e0a481594f9b	26024084	25975208	25999791	25999791	25975208	26024084	26365916.5
Intermediate workspaces	f56a5a2496f519d7b71b7c4c8fdc166c355874ff	fb4d784313f4b0c9a5078712728e70f17d44c545eae4a6ea67180ec7a49bbb29	queens	standalone/n-queens/variant-04.lp	metal	f56a5a24-1	10978e743aa291d9d336b15250c63e47375fdb7ed8351c5fe045ad11933314af	25454916	25204542	26822542	25454916	25204542	26822542	f56a5a24-2	c3a7306b061dd189dbc35876189fb437361eba823ef40327eafab1ff907c77d9	25491709	26724917	26737500	26724917	25491709	26737500	26089916.5
Latest prepared grounding	679ca8568a6fd8577d9b944fbd99d7c54f666601	a1d8cd7c640bab9b2a57f2e9dd612ff391c39b77f6dc9be95dbea0f890c13bd2	queens	standalone/n-queens/variant-04.lp	metal	679ca856-1	2256cb29dd92b3fbc7cd28e55929296ef8d84e5e24f4873484453363508961e4	25464708	25423125	26762958	25464708	25423125	26762958	679ca856-2	27ee22f8b816e717acc11612e8d192a8e08970a93b8e2522f4353fd05cc529a2	26621167	25419625	26758584	26621167	25419625	26758584	26042937.5
Earlier atom catalog	ca10a5e7ec84e13fbcc4a23bd0de8b0232c53fe1	fd19a078e99c75c1bbaf30e437f5da02aa621fd595554b079bb3bc0b078dae0e	queens	standalone/n-queens/variant-04.lp	clingo	ca10a5e7-1	fdf02e3df279db9b0f9ac3bebf04d40177321e4a6bb3bce17ccb7387e37f130d	6452250	6525292	6388208	6452250	6388208	6525292	ca10a5e7-2	ea2b75d400de291fab7ed85b366bb47664724d16ba6f6e923f38e0a481594f9b	6237292	6291750	6267333	6267333	6237292	6291750	6359791.5
Intermediate workspaces	f56a5a2496f519d7b71b7c4c8fdc166c355874ff	fb4d784313f4b0c9a5078712728e70f17d44c545eae4a6ea67180ec7a49bbb29	queens	standalone/n-queens/variant-04.lp	clingo	f56a5a24-1	10978e743aa291d9d336b15250c63e47375fdb7ed8351c5fe045ad11933314af	6530667	6537583	6534333	6534333	6530667	6537583	f56a5a24-2	c3a7306b061dd189dbc35876189fb437361eba823ef40327eafab1ff907c77d9	6478834	6532166	6522250	6522250	6478834	6532166	6528291.5
Latest prepared grounding	679ca8568a6fd8577d9b944fbd99d7c54f666601	a1d8cd7c640bab9b2a57f2e9dd612ff391c39b77f6dc9be95dbea0f890c13bd2	queens	standalone/n-queens/variant-04.lp	clingo	679ca856-1	2256cb29dd92b3fbc7cd28e55929296ef8d84e5e24f4873484453363508961e4	6499792	6553458	6516916	6516916	6499792	6553458	679ca856-2	27ee22f8b816e717acc11612e8d192a8e08970a93b8e2522f4353fd05cc529a2	6506583	6504792	6260625	6504792	6260625	6506583	6510854
Earlier atom catalog	ca10a5e7ec84e13fbcc4a23bd0de8b0232c53fe1	fd19a078e99c75c1bbaf30e437f5da02aa621fd595554b079bb3bc0b078dae0e	queens	standalone/n-queens/variant-05.lp	cpu	ca10a5e7-1	fdf02e3df279db9b0f9ac3bebf04d40177321e4a6bb3bce17ccb7387e37f130d	49010708	47683667	47801500	47801500	47683667	49010708	ca10a5e7-2	ea2b75d400de291fab7ed85b366bb47664724d16ba6f6e923f38e0a481594f9b	55610000	55850750	56024125	55850750	55610000	56024125	51826125
Intermediate workspaces	f56a5a2496f519d7b71b7c4c8fdc166c355874ff	fb4d784313f4b0c9a5078712728e70f17d44c545eae4a6ea67180ec7a49bbb29	queens	standalone/n-queens/variant-05.lp	cpu	f56a5a24-1	10978e743aa291d9d336b15250c63e47375fdb7ed8351c5fe045ad11933314af	48173125	49229458	48129083	48173125	48129083	49229458	f56a5a24-2	c3a7306b061dd189dbc35876189fb437361eba823ef40327eafab1ff907c77d9	48406875	49250917	47980209	48406875	47980209	49250917	48290000
Latest prepared grounding	679ca8568a6fd8577d9b944fbd99d7c54f666601	a1d8cd7c640bab9b2a57f2e9dd612ff391c39b77f6dc9be95dbea0f890c13bd2	queens	standalone/n-queens/variant-05.lp	cpu	679ca856-1	2256cb29dd92b3fbc7cd28e55929296ef8d84e5e24f4873484453363508961e4	49539917	49005416	46816125	49005416	46816125	49539917	679ca856-2	27ee22f8b816e717acc11612e8d192a8e08970a93b8e2522f4353fd05cc529a2	49103542	49305250	48059375	49103542	48059375	49305250	49054479
Earlier atom catalog	ca10a5e7ec84e13fbcc4a23bd0de8b0232c53fe1	fd19a078e99c75c1bbaf30e437f5da02aa621fd595554b079bb3bc0b078dae0e	queens	standalone/n-queens/variant-05.lp	metal	ca10a5e7-1	fdf02e3df279db9b0f9ac3bebf04d40177321e4a6bb3bce17ccb7387e37f130d	64583458	64104541	64558917	64558917	64104541	64583458	ca10a5e7-2	ea2b75d400de291fab7ed85b366bb47664724d16ba6f6e923f38e0a481594f9b	74188167	72324417	74263209	74188167	72324417	74263209	69373542
Intermediate workspaces	f56a5a2496f519d7b71b7c4c8fdc166c355874ff	fb4d784313f4b0c9a5078712728e70f17d44c545eae4a6ea67180ec7a49bbb29	queens	standalone/n-queens/variant-05.lp	metal	f56a5a24-1	10978e743aa291d9d336b15250c63e47375fdb7ed8351c5fe045ad11933314af	64536459	64706041	64482791	64536459	64482791	64706041	f56a5a24-2	c3a7306b061dd189dbc35876189fb437361eba823ef40327eafab1ff907c77d9	65723875	64366792	92236708	65723875	64366792	92236708	65130167
Latest prepared grounding	679ca8568a6fd8577d9b944fbd99d7c54f666601	a1d8cd7c640bab9b2a57f2e9dd612ff391c39b77f6dc9be95dbea0f890c13bd2	queens	standalone/n-queens/variant-05.lp	metal	679ca856-1	2256cb29dd92b3fbc7cd28e55929296ef8d84e5e24f4873484453363508961e4	65841875	64588541	65783541	65783541	64588541	65841875	679ca856-2	27ee22f8b816e717acc11612e8d192a8e08970a93b8e2522f4353fd05cc529a2	66072750	65789042	64575041	65789042	64575041	66072750	65786291.5
Earlier atom catalog	ca10a5e7ec84e13fbcc4a23bd0de8b0232c53fe1	fd19a078e99c75c1bbaf30e437f5da02aa621fd595554b079bb3bc0b078dae0e	queens	standalone/n-queens/variant-05.lp	clingo	ca10a5e7-1	fdf02e3df279db9b0f9ac3bebf04d40177321e4a6bb3bce17ccb7387e37f130d	6577000	6580791	6490542	6577000	6490542	6580791	ca10a5e7-2	ea2b75d400de291fab7ed85b366bb47664724d16ba6f6e923f38e0a481594f9b	6283291	6326791	6199500	6283291	6199500	6326791	6430145.5
Intermediate workspaces	f56a5a2496f519d7b71b7c4c8fdc166c355874ff	fb4d784313f4b0c9a5078712728e70f17d44c545eae4a6ea67180ec7a49bbb29	queens	standalone/n-queens/variant-05.lp	clingo	f56a5a24-1	10978e743aa291d9d336b15250c63e47375fdb7ed8351c5fe045ad11933314af	6618792	6617333	6481417	6617333	6481417	6618792	f56a5a24-2	c3a7306b061dd189dbc35876189fb437361eba823ef40327eafab1ff907c77d9	6595792	6605333	6501666	6595792	6501666	6605333	6606562.5
Latest prepared grounding	679ca8568a6fd8577d9b944fbd99d7c54f666601	a1d8cd7c640bab9b2a57f2e9dd612ff391c39b77f6dc9be95dbea0f890c13bd2	queens	standalone/n-queens/variant-05.lp	clingo	679ca856-1	2256cb29dd92b3fbc7cd28e55929296ef8d84e5e24f4873484453363508961e4	6579459	6623959	6469666	6579459	6469666	6623959	679ca856-2	27ee22f8b816e717acc11612e8d192a8e08970a93b8e2522f4353fd05cc529a2	6615500	6566500	6484750	6566500	6484750	6615500	6572979.5
Earlier atom catalog	ca10a5e7ec84e13fbcc4a23bd0de8b0232c53fe1	fd19a078e99c75c1bbaf30e437f5da02aa621fd595554b079bb3bc0b078dae0e	queens	standalone/n-queens/variant-06.lp	cpu	ca10a5e7-1	fdf02e3df279db9b0f9ac3bebf04d40177321e4a6bb3bce17ccb7387e37f130d	49098750	49332542	49122917	49122917	49098750	49332542	ca10a5e7-2	ea2b75d400de291fab7ed85b366bb47664724d16ba6f6e923f38e0a481594f9b	56870333	57503542	57475792	57475792	56870333	57503542	53299354.5
Intermediate workspaces	f56a5a2496f519d7b71b7c4c8fdc166c355874ff	fb4d784313f4b0c9a5078712728e70f17d44c545eae4a6ea67180ec7a49bbb29	queens	standalone/n-queens/variant-06.lp	cpu	f56a5a24-1	10978e743aa291d9d336b15250c63e47375fdb7ed8351c5fe045ad11933314af	49167834	49285584	49351792	49285584	49167834	49351792	f56a5a24-2	c3a7306b061dd189dbc35876189fb437361eba823ef40327eafab1ff907c77d9	49190792	49490917	50292084	49490917	49190792	50292084	49388250.5
Latest prepared grounding	679ca8568a6fd8577d9b944fbd99d7c54f666601	a1d8cd7c640bab9b2a57f2e9dd612ff391c39b77f6dc9be95dbea0f890c13bd2	queens	standalone/n-queens/variant-06.lp	cpu	679ca856-1	2256cb29dd92b3fbc7cd28e55929296ef8d84e5e24f4873484453363508961e4	49213959	49273042	50658416	49273042	49213959	50658416	679ca856-2	27ee22f8b816e717acc11612e8d192a8e08970a93b8e2522f4353fd05cc529a2	49300584	49176208	50612083	49300584	49176208	50612083	49286813
Earlier atom catalog	ca10a5e7ec84e13fbcc4a23bd0de8b0232c53fe1	fd19a078e99c75c1bbaf30e437f5da02aa621fd595554b079bb3bc0b078dae0e	queens	standalone/n-queens/variant-06.lp	metal	ca10a5e7-1	fdf02e3df279db9b0f9ac3bebf04d40177321e4a6bb3bce17ccb7387e37f130d	65882833	64421166	66007083	65882833	64421166	66007083	ca10a5e7-2	ea2b75d400de291fab7ed85b366bb47664724d16ba6f6e923f38e0a481594f9b	74025959	76895542	73963291	74025959	73963291	76895542	69954396
Intermediate workspaces	f56a5a2496f519d7b71b7c4c8fdc166c355874ff	fb4d784313f4b0c9a5078712728e70f17d44c545eae4a6ea67180ec7a49bbb29	queens	standalone/n-queens/variant-06.lp	metal	f56a5a24-1	10978e743aa291d9d336b15250c63e47375fdb7ed8351c5fe045ad11933314af	65702458	64434958	66022416	65702458	64434958	66022416	f56a5a24-2	c3a7306b061dd189dbc35876189fb437361eba823ef40327eafab1ff907c77d9	67053125	67111458	67161250	67111458	67053125	67161250	66406958
Latest prepared grounding	679ca8568a6fd8577d9b944fbd99d7c54f666601	a1d8cd7c640bab9b2a57f2e9dd612ff391c39b77f6dc9be95dbea0f890c13bd2	queens	standalone/n-queens/variant-06.lp	metal	679ca856-1	2256cb29dd92b3fbc7cd28e55929296ef8d84e5e24f4873484453363508961e4	66936250	67146958	67230667	67146958	66936250	67230667	679ca856-2	27ee22f8b816e717acc11612e8d192a8e08970a93b8e2522f4353fd05cc529a2	66935250	67128375	67185333	67128375	66935250	67185333	67137666.5
Earlier atom catalog	ca10a5e7ec84e13fbcc4a23bd0de8b0232c53fe1	fd19a078e99c75c1bbaf30e437f5da02aa621fd595554b079bb3bc0b078dae0e	queens	standalone/n-queens/variant-06.lp	clingo	ca10a5e7-1	fdf02e3df279db9b0f9ac3bebf04d40177321e4a6bb3bce17ccb7387e37f130d	6585292	6572708	6594666	6585292	6572708	6594666	ca10a5e7-2	ea2b75d400de291fab7ed85b366bb47664724d16ba6f6e923f38e0a481594f9b	6287125	6320333	7845625	6320333	6287125	7845625	6452812.5
Intermediate workspaces	f56a5a2496f519d7b71b7c4c8fdc166c355874ff	fb4d784313f4b0c9a5078712728e70f17d44c545eae4a6ea67180ec7a49bbb29	queens	standalone/n-queens/variant-06.lp	clingo	f56a5a24-1	10978e743aa291d9d336b15250c63e47375fdb7ed8351c5fe045ad11933314af	6600083	6569500	6618000	6600083	6569500	6618000	f56a5a24-2	c3a7306b061dd189dbc35876189fb437361eba823ef40327eafab1ff907c77d9	6575875	6589459	6599083	6589459	6575875	6599083	6594771
Latest prepared grounding	679ca8568a6fd8577d9b944fbd99d7c54f666601	a1d8cd7c640bab9b2a57f2e9dd612ff391c39b77f6dc9be95dbea0f890c13bd2	queens	standalone/n-queens/variant-06.lp	clingo	679ca856-1	2256cb29dd92b3fbc7cd28e55929296ef8d84e5e24f4873484453363508961e4	6603125	6550708	6599625	6599625	6550708	6603125	679ca856-2	27ee22f8b816e717acc11612e8d192a8e08970a93b8e2522f4353fd05cc529a2	6564708	6575541	6646375	6575541	6564708	6646375	6587583
