operation	aliases	domains	reference	bitwise	lookup
And	Distinct	0	0	0	0
And	Distinct	1	0	0	0
And	Distinct	2	0	0	0
And	Distinct	3	0	0	0
And	Distinct	4	0	0	0
And	Distinct	5	0	0	0
And	Distinct	6	0	0	0
And	Distinct	7	0	0	0
And	Distinct	8	0	0	0
And	Distinct	9	0	0	0
And	Distinct	10	0	0	0
And	Distinct	11	0	0	0
And	Distinct	12	0	0	0
And	Distinct	13	0	0	0
And	Distinct	14	0	0	0
And	Distinct	15	0	0	0
And	Distinct	16	0	0	0
And	Distinct	17	0	0	0
And	Distinct	18	0	0	0
And	Distinct	19	0	0	0
And	Distinct	20	0	0	0
And	Distinct	21	21	21	21
And	Distinct	22	22	22	22
And	Distinct	23	23	23	23
And	Distinct	24	0	0	0
And	Distinct	25	25	25	25
And	Distinct	26	0	0	0
And	Distinct	27	25	25	25
And	Distinct	28	0	0	0
And	Distinct	29	29	29	29
And	Distinct	30	22	22	22
And	Distinct	31	31	31	31
And	Distinct	32	0	0	0
And	Distinct	33	0	0	0
And	Distinct	34	0	0	0
And	Distinct	35	0	0	0
And	Distinct	36	0	0	0
And	Distinct	37	0	0	0
And	Distinct	38	0	0	0
And	Distinct	39	0	0	0
And	Distinct	40	0	0	0
And	Distinct	41	0	0	0
And	Distinct	42	42	42	42
And	Distinct	43	42	42	42
And	Distinct	44	0	0	0
And	Distinct	45	0	0	0
And	Distinct	46	42	42	42
And	Distinct	47	42	42	42
And	Distinct	48	0	0	0
And	Distinct	49	0	0	0
And	Distinct	50	0	0	0
And	Distinct	51	0	0	0
And	Distinct	52	0	0	0
And	Distinct	53	21	21	21
And	Distinct	54	22	22	22
And	Distinct	55	23	23	23
And	Distinct	56	0	0	0
And	Distinct	57	25	25	25
And	Distinct	58	42	42	42
And	Distinct	59	59	59	59
And	Distinct	60	0	0	0
And	Distinct	61	29	29	29
And	Distinct	62	62	62	62
And	Distinct	63	63	63	63
And	LeftRight	0	0	0	0
And	LeftRight	1	0	0	0
And	LeftRight	2	0	0	0
And	LeftRight	3	0	0	0
And	LeftRight	4	0	0	0
And	LeftRight	5	0	0	0
And	LeftRight	6	0	0	0
And	LeftRight	7	0	0	0
And	LeftRight	8	0	0	0
And	LeftRight	9	0	0	0
And	LeftRight	10	0	0	0
And	LeftRight	11	0	0	0
And	LeftRight	12	0	0	0
And	LeftRight	13	0	0	0
And	LeftRight	14	0	0	0
And	LeftRight	15	0	0	0
And	LeftRight	16	0	0	0
And	LeftRight	17	0	0	0
And	LeftRight	18	0	0	0
And	LeftRight	19	0	0	0
And	LeftRight	20	0	0	0
And	LeftRight	21	21	21	21
And	LeftRight	22	0	0	0
And	LeftRight	23	21	21	21
And	LeftRight	24	0	0	0
And	LeftRight	25	0	0	0
And	LeftRight	26	0	0	0
And	LeftRight	27	0	0	0
And	LeftRight	28	0	0	0
And	LeftRight	29	21	21	21
And	LeftRight	30	0	0	0
And	LeftRight	31	21	21	21
And	LeftRight	32	0	0	0
And	LeftRight	33	0	0	0
And	LeftRight	34	0	0	0
And	LeftRight	35	0	0	0
And	LeftRight	36	0	0	0
And	LeftRight	37	0	0	0
And	LeftRight	38	0	0	0
And	LeftRight	39	0	0	0
And	LeftRight	40	0	0	0
And	LeftRight	41	0	0	0
And	LeftRight	42	42	42	42
And	LeftRight	43	42	42	42
And	LeftRight	44	0	0	0
And	LeftRight	45	0	0	0
And	LeftRight	46	42	42	42
And	LeftRight	47	42	42	42
And	LeftRight	48	0	0	0
And	LeftRight	49	0	0	0
And	LeftRight	50	0	0	0
And	LeftRight	51	0	0	0
And	LeftRight	52	0	0	0
And	LeftRight	53	21	21	21
And	LeftRight	54	0	0	0
And	LeftRight	55	21	21	21
And	LeftRight	56	0	0	0
And	LeftRight	57	0	0	0
And	LeftRight	58	42	42	42
And	LeftRight	59	42	42	42
And	LeftRight	60	0	0	0
And	LeftRight	61	21	21	21
And	LeftRight	62	42	42	42
And	LeftRight	63	63	63	63
And	LeftOutput	0	0	0	0
And	LeftOutput	1	0	0	0
And	LeftOutput	2	0	0	0
And	LeftOutput	3	0	0	0
And	LeftOutput	4	0	0	0
And	LeftOutput	5	0	0	0
And	LeftOutput	6	0	0	0
And	LeftOutput	7	0	0	0
And	LeftOutput	8	0	0	0
And	LeftOutput	9	0	0	0
And	LeftOutput	10	0	0	0
And	LeftOutput	11	0	0	0
And	LeftOutput	12	0	0	0
And	LeftOutput	13	0	0	0
And	LeftOutput	14	0	0	0
And	LeftOutput	15	0	0	0
And	LeftOutput	16	0	0	0
And	LeftOutput	17	0	0	0
And	LeftOutput	18	0	0	0
And	LeftOutput	19	0	0	0
And	LeftOutput	20	0	0	0
And	LeftOutput	21	21	21	21
And	LeftOutput	22	0	0	0
And	LeftOutput	23	21	21	21
And	LeftOutput	24	0	0	0
And	LeftOutput	25	25	25	25
And	LeftOutput	26	0	0	0
And	LeftOutput	27	25	25	25
And	LeftOutput	28	0	0	0
And	LeftOutput	29	29	29	29
And	LeftOutput	30	0	0	0
And	LeftOutput	31	29	29	29
And	LeftOutput	32	0	0	0
And	LeftOutput	33	0	0	0
And	LeftOutput	34	0	0	0
And	LeftOutput	35	0	0	0
And	LeftOutput	36	0	0	0
And	LeftOutput	37	0	0	0
And	LeftOutput	38	0	0	0
And	LeftOutput	39	0	0	0
And	LeftOutput	40	0	0	0
And	LeftOutput	41	0	0	0
And	LeftOutput	42	42	42	42
And	LeftOutput	43	42	42	42
And	LeftOutput	44	0	0	0
And	LeftOutput	45	0	0	0
And	LeftOutput	46	42	42	42
And	LeftOutput	47	42	42	42
And	LeftOutput	48	0	0	0
And	LeftOutput	49	0	0	0
And	LeftOutput	50	0	0	0
And	LeftOutput	51	0	0	0
And	LeftOutput	52	0	0	0
And	LeftOutput	53	21	21	21
And	LeftOutput	54	0	0	0
And	LeftOutput	55	21	21	21
And	LeftOutput	56	0	0	0
And	LeftOutput	57	25	25	25
And	LeftOutput	58	42	42	42
And	LeftOutput	59	59	59	59
And	LeftOutput	60	0	0	0
And	LeftOutput	61	29	29	29
And	LeftOutput	62	42	42	42
And	LeftOutput	63	63	63	63
And	RightOutput	0	0	0	0
And	RightOutput	1	0	0	0
And	RightOutput	2	0	0	0
And	RightOutput	3	0	0	0
And	RightOutput	4	0	0	0
And	RightOutput	5	0	0	0
And	RightOutput	6	0	0	0
And	RightOutput	7	0	0	0
And	RightOutput	8	0	0	0
And	RightOutput	9	0	0	0
And	RightOutput	10	0	0	0
And	RightOutput	11	0	0	0
And	RightOutput	12	0	0	0
And	RightOutput	13	0	0	0
And	RightOutput	14	0	0	0
And	RightOutput	15	0	0	0
And	RightOutput	16	0	0	0
And	RightOutput	17	0	0	0
And	RightOutput	18	0	0	0
And	RightOutput	19	0	0	0
And	RightOutput	20	0	0	0
And	RightOutput	21	21	21	21
And	RightOutput	22	22	22	22
And	RightOutput	23	23	23	23
And	RightOutput	24	0	0	0
And	RightOutput	25	0	0	0
And	RightOutput	26	0	0	0
And	RightOutput	27	0	0	0
And	RightOutput	28	0	0	0
And	RightOutput	29	21	21	21
And	RightOutput	30	22	22	22
And	RightOutput	31	23	23	23
And	RightOutput	32	0	0	0
And	RightOutput	33	0	0	0
And	RightOutput	34	0	0	0
And	RightOutput	35	0	0	0
And	RightOutput	36	0	0	0
And	RightOutput	37	0	0	0
And	RightOutput	38	0	0	0
And	RightOutput	39	0	0	0
And	RightOutput	40	0	0	0
And	RightOutput	41	0	0	0
And	RightOutput	42	42	42	42
And	RightOutput	43	42	42	42
And	RightOutput	44	0	0	0
And	RightOutput	45	0	0	0
And	RightOutput	46	42	42	42
And	RightOutput	47	42	42	42
And	RightOutput	48	0	0	0
And	RightOutput	49	0	0	0
And	RightOutput	50	0	0	0
And	RightOutput	51	0	0	0
And	RightOutput	52	0	0	0
And	RightOutput	53	21	21	21
And	RightOutput	54	22	22	22
And	RightOutput	55	23	23	23
And	RightOutput	56	0	0	0
And	RightOutput	57	0	0	0
And	RightOutput	58	42	42	42
And	RightOutput	59	42	42	42
And	RightOutput	60	0	0	0
And	RightOutput	61	21	21	21
And	RightOutput	62	62	62	62
And	RightOutput	63	63	63	63
And	All	0	0	0	0
And	All	1	0	0	0
And	All	2	0	0	0
And	All	3	0	0	0
And	All	4	0	0	0
And	All	5	0	0	0
And	All	6	0	0	0
And	All	7	0	0	0
And	All	8	0	0	0
And	All	9	0	0	0
And	All	10	0	0	0
And	All	11	0	0	0
And	All	12	0	0	0
And	All	13	0	0	0
And	All	14	0	0	0
And	All	15	0	0	0
And	All	16	0	0	0
And	All	17	0	0	0
And	All	18	0	0	0
And	All	19	0	0	0
And	All	20	0	0	0
And	All	21	21	21	21
And	All	22	0	0	0
And	All	23	21	21	21
And	All	24	0	0	0
And	All	25	0	0	0
And	All	26	0	0	0
And	All	27	0	0	0
And	All	28	0	0	0
And	All	29	21	21	21
And	All	30	0	0	0
And	All	31	21	21	21
And	All	32	0	0	0
And	All	33	0	0	0
And	All	34	0	0	0
And	All	35	0	0	0
And	All	36	0	0	0
And	All	37	0	0	0
And	All	38	0	0	0
And	All	39	0	0	0
And	All	40	0	0	0
And	All	41	0	0	0
And	All	42	42	42	42
And	All	43	42	42	42
And	All	44	0	0	0
And	All	45	0	0	0
And	All	46	42	42	42
And	All	47	42	42	42
And	All	48	0	0	0
And	All	49	0	0	0
And	All	50	0	0	0
And	All	51	0	0	0
And	All	52	0	0	0
And	All	53	21	21	21
And	All	54	0	0	0
And	All	55	21	21	21
And	All	56	0	0	0
And	All	57	0	0	0
And	All	58	42	42	42
And	All	59	42	42	42
And	All	60	0	0	0
And	All	61	21	21	21
And	All	62	42	42	42
And	All	63	63	63	63
Or	Distinct	0	0	0	0
Or	Distinct	1	0	0	0
Or	Distinct	2	0	0	0
Or	Distinct	3	0	0	0
Or	Distinct	4	0	0	0
Or	Distinct	5	0	0	0
Or	Distinct	6	0	0	0
Or	Distinct	7	0	0	0
Or	Distinct	8	0	0	0
Or	Distinct	9	0	0	0
Or	Distinct	10	0	0	0
Or	Distinct	11	0	0	0
Or	Distinct	12	0	0	0
Or	Distinct	13	0	0	0
Or	Distinct	14	0	0	0
Or	Distinct	15	0	0	0
Or	Distinct	16	0	0	0
Or	Distinct	17	0	0	0
Or	Distinct	18	0	0	0
Or	Distinct	19	0	0	0
Or	Distinct	20	0	0	0
Or	Distinct	21	21	21	21
Or	Distinct	22	0	0	0
Or	Distinct	23	21	21	21
Or	Distinct	24	0	0	0
Or	Distinct	25	0	0	0
Or	Distinct	26	0	0	0
Or	Distinct	27	0	0	0
Or	Distinct	28	0	0	0
Or	Distinct	29	21	21	21
Or	Distinct	30	0	0	0
Or	Distinct	31	21	21	21
Or	Distinct	32	0	0	0
Or	Distinct	33	0	0	0
Or	Distinct	34	0	0	0
Or	Distinct	35	0	0	0
Or	Distinct	36	0	0	0
Or	Distinct	37	0	0	0
Or	Distinct	38	38	38	38
Or	Distinct	39	38	38	38
Or	Distinct	40	0	0	0
Or	Distinct	41	41	41	41
Or	Distinct	42	42	42	42
Or	Distinct	43	43	43	43
Or	Distinct	44	0	0	0
Or	Distinct	45	41	41	41
Or	Distinct	46	46	46	46
Or	Distinct	47	47	47	47
Or	Distinct	48	0	0	0
Or	Distinct	49	0	0	0
Or	Distinct	50	0	0	0
Or	Distinct	51	0	0	0
Or	Distinct	52	0	0	0
Or	Distinct	53	21	21	21
Or	Distinct	54	38	38	38
Or	Distinct	55	55	55	55
Or	Distinct	56	0	0	0
Or	Distinct	57	41	41	41
Or	Distinct	58	42	42	42
Or	Distinct	59	43	43	43
Or	Distinct	60	0	0	0
Or	Distinct	61	61	61	61
Or	Distinct	62	46	46	46
Or	Distinct	63	63	63	63
Or	LeftRight	0	0	0	0
Or	LeftRight	1	0	0	0
Or	LeftRight	2	0	0	0
Or	LeftRight	3	0	0	0
Or	LeftRight	4	0	0	0
Or	LeftRight	5	0	0	0
Or	LeftRight	6	0	0	0
Or	LeftRight	7	0	0	0
Or	LeftRight	8	0	0	0
Or	LeftRight	9	0	0	0
Or	LeftRight	10	0	0	0
Or	LeftRight	11	0	0	0
Or	LeftRight	12	0	0	0
Or	LeftRight	13	0	0	0
Or	LeftRight	14	0	0	0
Or	LeftRight	15	0	0	0
Or	LeftRight	16	0	0	0
Or	LeftRight	17	0	0	0
Or	LeftRight	18	0	0	0
Or	LeftRight	19	0	0	0
Or	LeftRight	20	0	0	0
Or	LeftRight	21	21	21	21
Or	LeftRight	22	0	0	0
Or	LeftRight	23	21	21	21
Or	LeftRight	24	0	0	0
Or	LeftRight	25	0	0	0
Or	LeftRight	26	0	0	0
Or	LeftRight	27	0	0	0
Or	LeftRight	28	0	0	0
Or	LeftRight	29	21	21	21
Or	LeftRight	30	0	0	0
Or	LeftRight	31	21	21	21
Or	LeftRight	32	0	0	0
Or	LeftRight	33	0	0	0
Or	LeftRight	34	0	0	0
Or	LeftRight	35	0	0	0
Or	LeftRight	36	0	0	0
Or	LeftRight	37	0	0	0
Or	LeftRight	38	0	0	0
Or	LeftRight	39	0	0	0
Or	LeftRight	40	0	0	0
Or	LeftRight	41	0	0	0
Or	LeftRight	42	42	42	42
Or	LeftRight	43	42	42	42
Or	LeftRight	44	0	0	0
Or	LeftRight	45	0	0	0
Or	LeftRight	46	42	42	42
Or	LeftRight	47	42	42	42
Or	LeftRight	48	0	0	0
Or	LeftRight	49	0	0	0
Or	LeftRight	50	0	0	0
Or	LeftRight	51	0	0	0
Or	LeftRight	52	0	0	0
Or	LeftRight	53	21	21	21
Or	LeftRight	54	0	0	0
Or	LeftRight	55	21	21	21
Or	LeftRight	56	0	0	0
Or	LeftRight	57	0	0	0
Or	LeftRight	58	42	42	42
Or	LeftRight	59	42	42	42
Or	LeftRight	60	0	0	0
Or	LeftRight	61	21	21	21
Or	LeftRight	62	42	42	42
Or	LeftRight	63	63	63	63
Or	LeftOutput	0	0	0	0
Or	LeftOutput	1	0	0	0
Or	LeftOutput	2	0	0	0
Or	LeftOutput	3	0	0	0
Or	LeftOutput	4	0	0	0
Or	LeftOutput	5	0	0	0
Or	LeftOutput	6	0	0	0
Or	LeftOutput	7	0	0	0
Or	LeftOutput	8	0	0	0
Or	LeftOutput	9	0	0	0
Or	LeftOutput	10	0	0	0
Or	LeftOutput	11	0	0	0
Or	LeftOutput	12	0	0	0
Or	LeftOutput	13	0	0	0
Or	LeftOutput	14	0	0	0
Or	LeftOutput	15	0	0	0
Or	LeftOutput	16	0	0	0
Or	LeftOutput	17	0	0	0
Or	LeftOutput	18	0	0	0
Or	LeftOutput	19	0	0	0
Or	LeftOutput	20	0	0	0
Or	LeftOutput	21	21	21	21
Or	LeftOutput	22	0	0	0
Or	LeftOutput	23	21	21	21
Or	LeftOutput	24	0	0	0
Or	LeftOutput	25	0	0	0
Or	LeftOutput	26	0	0	0
Or	LeftOutput	27	0	0	0
Or	LeftOutput	28	0	0	0
Or	LeftOutput	29	21	21	21
Or	LeftOutput	30	0	0	0
Or	LeftOutput	31	21	21	21
Or	LeftOutput	32	0	0	0
Or	LeftOutput	33	0	0	0
Or	LeftOutput	34	0	0	0
Or	LeftOutput	35	0	0	0
Or	LeftOutput	36	0	0	0
Or	LeftOutput	37	0	0	0
Or	LeftOutput	38	38	38	38
Or	LeftOutput	39	38	38	38
Or	LeftOutput	40	0	0	0
Or	LeftOutput	41	0	0	0
Or	LeftOutput	42	42	42	42
Or	LeftOutput	43	42	42	42
Or	LeftOutput	44	0	0	0
Or	LeftOutput	45	0	0	0
Or	LeftOutput	46	46	46	46
Or	LeftOutput	47	46	46	46
Or	LeftOutput	48	0	0	0
Or	LeftOutput	49	0	0	0
Or	LeftOutput	50	0	0	0
Or	LeftOutput	51	0	0	0
Or	LeftOutput	52	0	0	0
Or	LeftOutput	53	21	21	21
Or	LeftOutput	54	38	38	38
Or	LeftOutput	55	55	55	55
Or	LeftOutput	56	0	0	0
Or	LeftOutput	57	0	0	0
Or	LeftOutput	58	42	42	42
Or	LeftOutput	59	42	42	42
Or	LeftOutput	60	0	0	0
Or	LeftOutput	61	21	21	21
Or	LeftOutput	62	46	46	46
Or	LeftOutput	63	63	63	63
Or	RightOutput	0	0	0	0
Or	RightOutput	1	0	0	0
Or	RightOutput	2	0	0	0
Or	RightOutput	3	0	0	0
Or	RightOutput	4	0	0	0
Or	RightOutput	5	0	0	0
Or	RightOutput	6	0	0	0
Or	RightOutput	7	0	0	0
Or	RightOutput	8	0	0	0
Or	RightOutput	9	0	0	0
Or	RightOutput	10	0	0	0
Or	RightOutput	11	0	0	0
Or	RightOutput	12	0	0	0
Or	RightOutput	13	0	0	0
Or	RightOutput	14	0	0	0
Or	RightOutput	15	0	0	0
Or	RightOutput	16	0	0	0
Or	RightOutput	17	0	0	0
Or	RightOutput	18	0	0	0
Or	RightOutput	19	0	0	0
Or	RightOutput	20	0	0	0
Or	RightOutput	21	21	21	21
Or	RightOutput	22	0	0	0
Or	RightOutput	23	21	21	21
Or	RightOutput	24	0	0	0
Or	RightOutput	25	0	0	0
Or	RightOutput	26	0	0	0
Or	RightOutput	27	0	0	0
Or	RightOutput	28	0	0	0
Or	RightOutput	29	21	21	21
Or	RightOutput	30	0	0	0
Or	RightOutput	31	21	21	21
Or	RightOutput	32	0	0	0
Or	RightOutput	33	0	0	0
Or	RightOutput	34	0	0	0
Or	RightOutput	35	0	0	0
Or	RightOutput	36	0	0	0
Or	RightOutput	37	0	0	0
Or	RightOutput	38	0	0	0
Or	RightOutput	39	0	0	0
Or	RightOutput	40	0	0	0
Or	RightOutput	41	41	41	41
Or	RightOutput	42	42	42	42
Or	RightOutput	43	43	43	43
Or	RightOutput	44	0	0	0
Or	RightOutput	45	41	41	41
Or	RightOutput	46	42	42	42
Or	RightOutput	47	43	43	43
Or	RightOutput	48	0	0	0
Or	RightOutput	49	0	0	0
Or	RightOutput	50	0	0	0
Or	RightOutput	51	0	0	0
Or	RightOutput	52	0	0	0
Or	RightOutput	53	21	21	21
Or	RightOutput	54	0	0	0
Or	RightOutput	55	21	21	21
Or	RightOutput	56	0	0	0
Or	RightOutput	57	41	41	41
Or	RightOutput	58	42	42	42
Or	RightOutput	59	43	43	43
Or	RightOutput	60	0	0	0
Or	RightOutput	61	61	61	61
Or	RightOutput	62	42	42	42
Or	RightOutput	63	63	63	63
Or	All	0	0	0	0
Or	All	1	0	0	0
Or	All	2	0	0	0
Or	All	3	0	0	0
Or	All	4	0	0	0
Or	All	5	0	0	0
Or	All	6	0	0	0
Or	All	7	0	0	0
Or	All	8	0	0	0
Or	All	9	0	0	0
Or	All	10	0	0	0
Or	All	11	0	0	0
Or	All	12	0	0	0
Or	All	13	0	0	0
Or	All	14	0	0	0
Or	All	15	0	0	0
Or	All	16	0	0	0
Or	All	17	0	0	0
Or	All	18	0	0	0
Or	All	19	0	0	0
Or	All	20	0	0	0
Or	All	21	21	21	21
Or	All	22	0	0	0
Or	All	23	21	21	21
Or	All	24	0	0	0
Or	All	25	0	0	0
Or	All	26	0	0	0
Or	All	27	0	0	0
Or	All	28	0	0	0
Or	All	29	21	21	21
Or	All	30	0	0	0
Or	All	31	21	21	21
Or	All	32	0	0	0
Or	All	33	0	0	0
Or	All	34	0	0	0
Or	All	35	0	0	0
Or	All	36	0	0	0
Or	All	37	0	0	0
Or	All	38	0	0	0
Or	All	39	0	0	0
Or	All	40	0	0	0
Or	All	41	0	0	0
Or	All	42	42	42	42
Or	All	43	42	42	42
Or	All	44	0	0	0
Or	All	45	0	0	0
Or	All	46	42	42	42
Or	All	47	42	42	42
Or	All	48	0	0	0
Or	All	49	0	0	0
Or	All	50	0	0	0
Or	All	51	0	0	0
Or	All	52	0	0	0
Or	All	53	21	21	21
Or	All	54	0	0	0
Or	All	55	21	21	21
Or	All	56	0	0	0
Or	All	57	0	0	0
Or	All	58	42	42	42
Or	All	59	42	42	42
Or	All	60	0	0	0
Or	All	61	21	21	21
Or	All	62	42	42	42
Or	All	63	63	63	63
Implies	Distinct	0	0	0	0
Implies	Distinct	1	0	0	0
Implies	Distinct	2	0	0	0
Implies	Distinct	3	0	0	0
Implies	Distinct	4	0	0	0
Implies	Distinct	5	0	0	0
Implies	Distinct	6	0	0	0
Implies	Distinct	7	0	0	0
Implies	Distinct	8	0	0	0
Implies	Distinct	9	0	0	0
Implies	Distinct	10	0	0	0
Implies	Distinct	11	0	0	0
Implies	Distinct	12	0	0	0
Implies	Distinct	13	0	0	0
Implies	Distinct	14	0	0	0
Implies	Distinct	15	0	0	0
Implies	Distinct	16	0	0	0
Implies	Distinct	17	0	0	0
Implies	Distinct	18	0	0	0
Implies	Distinct	19	0	0	0
Implies	Distinct	20	0	0	0
Implies	Distinct	21	0	0	0
Implies	Distinct	22	22	22	22
Implies	Distinct	23	22	22	22
Implies	Distinct	24	0	0	0
Implies	Distinct	25	0	0	0
Implies	Distinct	26	0	0	0
Implies	Distinct	27	0	0	0
Implies	Distinct	28	0	0	0
Implies	Distinct	29	0	0	0
Implies	Distinct	30	22	22	22
Implies	Distinct	31	22	22	22
Implies	Distinct	32	0	0	0
Implies	Distinct	33	0	0	0
Implies	Distinct	34	0	0	0
Implies	Distinct	35	0	0	0
Implies	Distinct	36	0	0	0
Implies	Distinct	37	37	37	37
Implies	Distinct	38	0	0	0
Implies	Distinct	39	37	37	37
Implies	Distinct	40	0	0	0
Implies	Distinct	41	41	41	41
Implies	Distinct	42	42	42	42
Implies	Distinct	43	43	43	43
Implies	Distinct	44	0	0	0
Implies	Distinct	45	45	45	45
Implies	Distinct	46	42	42	42
Implies	Distinct	47	47	47	47
Implies	Distinct	48	0	0	0
Implies	Distinct	49	0	0	0
Implies	Distinct	50	0	0	0
Implies	Distinct	51	0	0	0
Implies	Distinct	52	0	0	0
Implies	Distinct	53	37	37	37
Implies	Distinct	54	22	22	22
Implies	Distinct	55	55	55	55
Implies	Distinct	56	0	0	0
Implies	Distinct	57	41	41	41
Implies	Distinct	58	42	42	42
Implies	Distinct	59	43	43	43
Implies	Distinct	60	0	0	0
Implies	Distinct	61	45	45	45
Implies	Distinct	62	62	62	62
Implies	Distinct	63	63	63	63
Implies	LeftRight	0	0	0	0
Implies	LeftRight	1	0	0	0
Implies	LeftRight	2	0	0	0
Implies	LeftRight	3	0	0	0
Implies	LeftRight	4	0	0	0
Implies	LeftRight	5	0	0	0
Implies	LeftRight	6	0	0	0
Implies	LeftRight	7	0	0	0
Implies	LeftRight	8	0	0	0
Implies	LeftRight	9	0	0	0
Implies	LeftRight	10	0	0	0
Implies	LeftRight	11	0	0	0
Implies	LeftRight	12	0	0	0
Implies	LeftRight	13	0	0	0
Implies	LeftRight	14	0	0	0
Implies	LeftRight	15	0	0	0
Implies	LeftRight	16	0	0	0
Implies	LeftRight	17	0	0	0
Implies	LeftRight	18	0	0	0
Implies	LeftRight	19	0	0	0
Implies	LeftRight	20	0	0	0
Implies	LeftRight	21	0	0	0
Implies	LeftRight	22	0	0	0
Implies	LeftRight	23	0	0	0
Implies	LeftRight	24	0	0	0
Implies	LeftRight	25	0	0	0
Implies	LeftRight	26	0	0	0
Implies	LeftRight	27	0	0	0
Implies	LeftRight	28	0	0	0
Implies	LeftRight	29	0	0	0
Implies	LeftRight	30	0	0	0
Implies	LeftRight	31	0	0	0
Implies	LeftRight	32	0	0	0
Implies	LeftRight	33	0	0	0
Implies	LeftRight	34	0	0	0
Implies	LeftRight	35	0	0	0
Implies	LeftRight	36	0	0	0
Implies	LeftRight	37	37	37	37
Implies	LeftRight	38	0	0	0
Implies	LeftRight	39	37	37	37
Implies	LeftRight	40	0	0	0
Implies	LeftRight	41	0	0	0
Implies	LeftRight	42	42	42	42
Implies	LeftRight	43	42	42	42
Implies	LeftRight	44	0	0	0
Implies	LeftRight	45	37	37	37
Implies	LeftRight	46	42	42	42
Implies	LeftRight	47	47	47	47
Implies	LeftRight	48	0	0	0
Implies	LeftRight	49	0	0	0
Implies	LeftRight	50	0	0	0
Implies	LeftRight	51	0	0	0
Implies	LeftRight	52	0	0	0
Implies	LeftRight	53	37	37	37
Implies	LeftRight	54	0	0	0
Implies	LeftRight	55	37	37	37
Implies	LeftRight	56	0	0	0
Implies	LeftRight	57	0	0	0
Implies	LeftRight	58	42	42	42
Implies	LeftRight	59	42	42	42
Implies	LeftRight	60	0	0	0
Implies	LeftRight	61	37	37	37
Implies	LeftRight	62	42	42	42
Implies	LeftRight	63	47	47	47
Implies	LeftOutput	0	0	0	0
Implies	LeftOutput	1	0	0	0
Implies	LeftOutput	2	0	0	0
Implies	LeftOutput	3	0	0	0
Implies	LeftOutput	4	0	0	0
Implies	LeftOutput	5	0	0	0
Implies	LeftOutput	6	0	0	0
Implies	LeftOutput	7	0	0	0
Implies	LeftOutput	8	0	0	0
Implies	LeftOutput	9	0	0	0
Implies	LeftOutput	10	0	0	0
Implies	LeftOutput	11	0	0	0
Implies	LeftOutput	12	0	0	0
Implies	LeftOutput	13	0	0	0
Implies	LeftOutput	14	0	0	0
Implies	LeftOutput	15	0	0	0
Implies	LeftOutput	16	0	0	0
Implies	LeftOutput	17	0	0	0
Implies	LeftOutput	18	0	0	0
Implies	LeftOutput	19	0	0	0
Implies	LeftOutput	20	0	0	0
Implies	LeftOutput	21	0	0	0
Implies	LeftOutput	22	0	0	0
Implies	LeftOutput	23	0	0	0
Implies	LeftOutput	24	0	0	0
Implies	LeftOutput	25	0	0	0
Implies	LeftOutput	26	0	0	0
Implies	LeftOutput	27	0	0	0
Implies	LeftOutput	28	0	0	0
Implies	LeftOutput	29	0	0	0
Implies	LeftOutput	30	0	0	0
Implies	LeftOutput	31	0	0	0
Implies	LeftOutput	32	0	0	0
Implies	LeftOutput	33	0	0	0
Implies	LeftOutput	34	0	0	0
Implies	LeftOutput	35	0	0	0
Implies	LeftOutput	36	0	0	0
Implies	LeftOutput	37	0	0	0
Implies	LeftOutput	38	0	0	0
Implies	LeftOutput	39	0	0	0
Implies	LeftOutput	40	0	0	0
Implies	LeftOutput	41	0	0	0
Implies	LeftOutput	42	42	42	42
Implies	LeftOutput	43	42	42	42
Implies	LeftOutput	44	0	0	0
Implies	LeftOutput	45	0	0	0
Implies	LeftOutput	46	42	42	42
Implies	LeftOutput	47	42	42	42
Implies	LeftOutput	48	0	0	0
Implies	LeftOutput	49	0	0	0
Implies	LeftOutput	50	0	0	0
Implies	LeftOutput	51	0	0	0
Implies	LeftOutput	52	0	0	0
Implies	LeftOutput	53	0	0	0
Implies	LeftOutput	54	0	0	0
Implies	LeftOutput	55	0	0	0
Implies	LeftOutput	56	0	0	0
Implies	LeftOutput	57	0	0	0
Implies	LeftOutput	58	42	42	42
Implies	LeftOutput	59	42	42	42
Implies	LeftOutput	60	0	0	0
Implies	LeftOutput	61	0	0	0
Implies	LeftOutput	62	42	42	42
Implies	LeftOutput	63	42	42	42
Implies	RightOutput	0	0	0	0
Implies	RightOutput	1	0	0	0
Implies	RightOutput	2	0	0	0
Implies	RightOutput	3	0	0	0
Implies	RightOutput	4	0	0	0
Implies	RightOutput	5	0	0	0
Implies	RightOutput	6	0	0	0
Implies	RightOutput	7	0	0	0
Implies	RightOutput	8	0	0	0
Implies	RightOutput	9	0	0	0
Implies	RightOutput	10	0	0	0
Implies	RightOutput	11	0	0	0
Implies	RightOutput	12	0	0	0
Implies	RightOutput	13	0	0	0
Implies	RightOutput	14	0	0	0
Implies	RightOutput	15	0	0	0
Implies	RightOutput	16	0	0	0
Implies	RightOutput	17	0	0	0
Implies	RightOutput	18	0	0	0
Implies	RightOutput	19	0	0	0
Implies	RightOutput	20	0	0	0
Implies	RightOutput	21	0	0	0
Implies	RightOutput	22	22	22	22
Implies	RightOutput	23	22	22	22
Implies	RightOutput	24	0	0	0
Implies	RightOutput	25	0	0	0
Implies	RightOutput	26	0	0	0
Implies	RightOutput	27	0	0	0
Implies	RightOutput	28	0	0	0
Implies	RightOutput	29	0	0	0
Implies	RightOutput	30	22	22	22
Implies	RightOutput	31	22	22	22
Implies	RightOutput	32	0	0	0
Implies	RightOutput	33	0	0	0
Implies	RightOutput	34	0	0	0
Implies	RightOutput	35	0	0	0
Implies	RightOutput	36	0	0	0
Implies	RightOutput	37	0	0	0
Implies	RightOutput	38	0	0	0
Implies	RightOutput	39	0	0	0
Implies	RightOutput	40	0	0	0
Implies	RightOutput	41	41	41	41
Implies	RightOutput	42	42	42	42
Implies	RightOutput	43	43	43	43
Implies	RightOutput	44	0	0	0
Implies	RightOutput	45	41	41	41
Implies	RightOutput	46	42	42	42
Implies	RightOutput	47	43	43	43
Implies	RightOutput	48	0	0	0
Implies	RightOutput	49	0	0	0
Implies	RightOutput	50	0	0	0
Implies	RightOutput	51	0	0	0
Implies	RightOutput	52	0	0	0
Implies	RightOutput	53	0	0	0
Implies	RightOutput	54	22	22	22
Implies	RightOutput	55	22	22	22
Implies	RightOutput	56	0	0	0
Implies	RightOutput	57	41	41	41
Implies	RightOutput	58	42	42	42
Implies	RightOutput	59	43	43	43
Implies	RightOutput	60	0	0	0
Implies	RightOutput	61	41	41	41
Implies	RightOutput	62	62	62	62
Implies	RightOutput	63	63	63	63
Implies	All	0	0	0	0
Implies	All	1	0	0	0
Implies	All	2	0	0	0
Implies	All	3	0	0	0
Implies	All	4	0	0	0
Implies	All	5	0	0	0
Implies	All	6	0	0	0
Implies	All	7	0	0	0
Implies	All	8	0	0	0
Implies	All	9	0	0	0
Implies	All	10	0	0	0
Implies	All	11	0	0	0
Implies	All	12	0	0	0
Implies	All	13	0	0	0
Implies	All	14	0	0	0
Implies	All	15	0	0	0
Implies	All	16	0	0	0
Implies	All	17	0	0	0
Implies	All	18	0	0	0
Implies	All	19	0	0	0
Implies	All	20	0	0	0
Implies	All	21	0	0	0
Implies	All	22	0	0	0
Implies	All	23	0	0	0
Implies	All	24	0	0	0
Implies	All	25	0	0	0
Implies	All	26	0	0	0
Implies	All	27	0	0	0
Implies	All	28	0	0	0
Implies	All	29	0	0	0
Implies	All	30	0	0	0
Implies	All	31	0	0	0
Implies	All	32	0	0	0
Implies	All	33	0	0	0
Implies	All	34	0	0	0
Implies	All	35	0	0	0
Implies	All	36	0	0	0
Implies	All	37	0	0	0
Implies	All	38	0	0	0
Implies	All	39	0	0	0
Implies	All	40	0	0	0
Implies	All	41	0	0	0
Implies	All	42	42	42	42
Implies	All	43	42	42	42
Implies	All	44	0	0	0
Implies	All	45	0	0	0
Implies	All	46	42	42	42
Implies	All	47	42	42	42
Implies	All	48	0	0	0
Implies	All	49	0	0	0
Implies	All	50	0	0	0
Implies	All	51	0	0	0
Implies	All	52	0	0	0
Implies	All	53	0	0	0
Implies	All	54	0	0	0
Implies	All	55	0	0	0
Implies	All	56	0	0	0
Implies	All	57	0	0	0
Implies	All	58	42	42	42
Implies	All	59	42	42	42
Implies	All	60	0	0	0
Implies	All	61	0	0	0
Implies	All	62	42	42	42
Implies	All	63	42	42	42
